"DESCRIPTION","DURATION IN MS","NAME","PARENT SUITE","START TIME","STATUS","STOP TIME","SUB SUITE","SUITE","TEST CLASS","TEST METHOD"
"","8","Verify that the estimation request is displayed in the Estimation - Request (Internal) list","chromium","2026-10-09","skipped","2026-10-09","Verify E2E flow of Sales Enquiry (Request Internal)","UI/sales/salesEnquiryInternal.spec.ts","",""
"","197284","Verify Discount Request flow of Sales Enquiry (Request Normal)","chromium","2026-10-09","failed","2026-10-09","Verify Discount Request flow of Sales Enquiry (Request Normal)","UI/sales/discountRequest.spec.ts","",""
"","379","Verify Create Estimation BOM (Package) API","chromium","2026-10-09","passed","2026-10-09","Verify E2E flow of Sales Enquiry (Request Normal) through API","API/salesEnquiryNormalAPITest.spec.ts","",""
"","56676","Verify new sales enquiry is created successfully","chromium","2026-10-09","passed","2026-10-09","Create Sales Enquiry","UI/sales/createSalesEnquiry.spec.ts","",""
"","323","Verify Recalculate Cost Distribution API","chromium","2026-10-09","passed","2026-10-09","Verify E2E flow of Sales Enquiry (Request Normal) through API","API/salesEnquiryNormalAPITest.spec.ts","",""
"","6","Summary: Verify that the incentive summary is calculated and saved successfully","chromium","2026-10-09","skipped","2026-10-09","Verify E2E flow of Sales Enquiry (Request Normal)","UI/sales/salesEnquiryNormal.spec.ts","",""
"","1594","Verify Update Estimation BOL (Sign, all departments) API","chromium","2026-10-09","passed","2026-10-09","Verify E2E flow of Sales Enquiry (Request Normal) through API","API/salesEnquiryNormalAPITest.spec.ts","",""
"","7474","Verify alert message is displayed with invalid credentials","chromium","2026-10-09","passed","2026-10-09","Login Test","UI/sales/loginTest.spec.ts","",""
"","484","Verify Calculate Summary With Incentive API","chromium","2026-10-09","passed","2026-10-09","Verify E2E flow of Sales Enquiry (Request Normal) through API","API/salesEnquiryNormalAPITest.spec.ts","",""
"","5","Price Indication Slip: Verify Price Indication Slip is saved and Version 1 is submitted for approval successfully","chromium","2026-10-09","skipped","2026-10-09","Verify E2E flow of Sales Enquiry (Request Internal)","UI/sales/salesEnquiryInternal.spec.ts","",""
"","15918","Login and open Sales Enquiry module","chromium","2026-10-09","passed","2026-10-09","Verify E2E flow of Sales Enquiry (Request Internal)","UI/sales/salesEnquiryInternal.spec.ts","",""
"","24054","Create enquiry and save Acrylic product details","chromium","2026-10-09","passed","2026-10-09","Verify E2E flow of Sales Enquiry (Request Sample)","UI/sales/salesEnquirySample.spec.ts","",""
"","442","Verify Acknowledge Invoice File Upload API","chromium","2026-10-09","passed","2026-10-09","Verify E2E flow of Sales Enquiry (Request Normal) through API","API/salesEnquiryNormalAPITest.spec.ts","",""
"","4","Verify that the Sales Enquiry status moves to Quotation Pending and the quotation is generated and submitted for approval","chromium","2026-10-09","skipped","2026-10-09","Verify E2E flow of Sales Enquiry (Request Sample)","UI/sales/salesEnquirySample.spec.ts","",""
"","193248","Verify that the cost estimation is rejected with rejected status reflected in history","chromium","2026-10-09","failed","2026-10-09","Verify E2E Estimation Rejection flow of Sales Enquiry (Request Normal)","UI/sales/rejectEstimation.spec.ts","",""
"","30423","Create PPJO and submit Artwork, AutoCAD, Site Visit, Procurement, and Estimation requests","chromium","2026-10-09","passed","2026-10-09","Verify E2E flow of Sales Enquiry (Request Internal)","UI/sales/salesEnquiryInternal.spec.ts","",""
"","8","Verify generate cost estimation and validate request attachments","chromium","2026-10-09","skipped","2026-10-09","Verify E2E flow of Sales Enquiry (Request Internal)","UI/sales/salesEnquiryInternal.spec.ts","",""
"","1324","Verify Create BOQ API","chromium","2026-10-09","passed","2026-10-09","Verify E2E flow of Sales Enquiry (Request Normal) through API","API/salesEnquiryNormalAPITest.spec.ts","",""
"","377","Verify Request AutoCAD PPJO API","chromium","2026-10-09","passed","2026-10-09","Verify E2E flow of Sales Enquiry (Request Normal) through API","API/salesEnquiryNormalAPITest.spec.ts","",""
"","6533","Verify Sample Details, Request Estimation and status is updated to Pending From Estimation","chromium","2026-10-09","passed","2026-10-09","Verify E2E flow of Sales Enquiry (Request Sample)","UI/sales/salesEnquirySample.spec.ts","",""
"","328","Verify Create Summary (Sign) API","chromium","2026-10-09","passed","2026-10-09","Verify E2E flow of Sales Enquiry (Request Normal) through API","API/salesEnquiryNormalAPITest.spec.ts","",""
"","716","Verify Generate Quotation API","chromium","2026-10-09","passed","2026-10-09","Verify E2E flow of Sales Enquiry (Request Normal) through API","API/salesEnquiryNormalAPITest.spec.ts","",""
"","2","Verify Sales Order Manager approves the sales order and the approval is confirmed successfully","chromium","2026-10-09","skipped","2026-10-09","Verify E2E flow of Sales Enquiry (Request Sample)","UI/sales/salesEnquirySample.spec.ts","",""
"","23158","Verify sales return lifecycle through QC, Finance approval and case closure","chromium","2026-10-09","failed","2026-10-09","Sales Return E2E Test","UI/sales/salesReturnTest.spec.ts","",""
"","201550","Verify Quotation Manager rejects the quotation and the Rejected status is reflected","chromium","2026-10-09","failed","2026-10-09","Verify E2E Quotation Manager Rejection flow of Sales Enquiry (Request Normal)","UI/sales/quotationManagerRejection.spec.ts","",""
"","4309","Verify generate cost estimation and validate sample deatails and attachments","chromium","2026-10-09","passed","2026-10-09","Verify E2E flow of Sales Enquiry (Request Sample)","UI/sales/salesEnquirySample.spec.ts","",""
"","6","Verify that packing labour is added and the packing summary is saved successfully","chromium","2026-10-09","skipped","2026-10-09","Verify E2E flow of Sales Enquiry (Request Internal)","UI/sales/salesEnquiryInternal.spec.ts","",""
"","570","Verify Create Sales Enquiry API","chromium","2026-10-09","passed","2026-10-09","Verify E2E flow of Sales Enquiry (Request Normal) through API","API/salesEnquiryNormalAPITest.spec.ts","",""
"","3","Quotation: Verify checklist is submitted successfully and the Pending Check List Approval status is reflected","chromium","2026-10-09","skipped","2026-10-09","Verify E2E flow of Sales Enquiry (Request Sample)","UI/sales/salesEnquirySample.spec.ts","",""
"","265","Verify Create PVC Products API","chromium","2026-10-09","passed","2026-10-09","Verify Sales Enquiry API","API/salesEnquiryAPITest.spec.ts","",""
"","4","Quotation: Verify advance invoice request is submitted successfully","chromium","2026-10-09","skipped","2026-10-09","Verify E2E flow of Sales Enquiry (Request Internal)","UI/sales/salesEnquiryInternal.spec.ts","",""
"","329","Verify Create Other Costing API","chromium","2026-10-09","passed","2026-10-09","Verify E2E flow of Sales Enquiry (Request Normal) through API","API/salesEnquiryNormalAPITest.spec.ts","",""
"","6","Cost Distribution: Verify sample cost and cost distribution are saved successfully","chromium","2026-10-09","skipped","2026-10-09","Verify E2E flow of Sales Enquiry (Request Sample)","UI/sales/salesEnquirySample.spec.ts","",""
"","259","Verify Create Embroiding And Tailoring API","chromium","2026-10-09","passed","2026-10-09","Verify Sales Enquiry API","API/salesEnquiryAPITest.spec.ts","",""
"","3","Verify Sales Order Manager approves the sales order and the approval is confirmed successfully","chromium","2026-10-09","skipped","2026-10-09","Verify E2E flow of Sales Enquiry (Request Normal)","UI/sales/salesEnquiryNormal.spec.ts","",""
"","396","Verify Request Estimation PPJO API","chromium","2026-10-09","passed","2026-10-09","Verify E2E flow of Sales Enquiry (Request Normal) through API","API/salesEnquiryNormalAPITest.spec.ts","",""
"","4","Verify that the Sales Enquiry status moves to Quotation Pending and the quotation is generated and submitted for approval","chromium","2026-10-09","skipped","2026-10-09","Verify E2E flow of Sales Enquiry (Request Internal)","UI/sales/salesEnquiryInternal.spec.ts","",""
"","15305","Login and open Sales Enquiry module","chromium","2026-10-09","passed","2026-10-09","Verify E2E flow of Sales Enquiry (Request Normal)","UI/sales/salesEnquiryNormal.spec.ts","",""
"","4","Verify that the sales order is submitted for approval and the status is updated to Pending Sales Order Approval","chromium","2026-10-09","skipped","2026-10-09","Verify E2E flow of Sales Enquiry (Request Normal)","UI/sales/salesEnquiryNormal.spec.ts","",""
"","3","Verify Sales Order Manager approves the checklist","chromium","2026-10-09","skipped","2026-10-09","Verify E2E flow of Sales Enquiry (Request Normal)","UI/sales/salesEnquiryNormal.spec.ts","",""
"","82510","Verify Invoice Register is rejected by the Manager and acknowledged with the acknowledgement status updated to No","chromium","2026-10-09","failed","2026-10-09","Verify Invoice Register is rejected by the Manager","UI/sales/rejectInvoiceRegister.spec.ts","",""
"","3","Verify Sales Enquiry status is updated to Sales Order Approved by Manager","chromium","2026-10-09","skipped","2026-10-09","Verify E2E flow of Sales Enquiry (Request Normal)","UI/sales/salesEnquiryNormal.spec.ts","",""
"","54752","Verify new sales enquiry is created successfully","chromium","2026-10-09","passed","2026-10-09","Create Sales Enquiry","UI/sales/socialMedia.spec.ts","",""
"","480","Verify Quotation Approval (Customer Approved) API","chromium","2026-10-09","passed","2026-10-09","Verify E2E flow of Sales Enquiry (Request Normal) through API","API/salesEnquiryNormalAPITest.spec.ts","",""
"","1295","Verify Create Invoice Request API","chromium","2026-10-09","passed","2026-10-09","Verify E2E flow of Sales Enquiry (Request Normal) through API","API/salesEnquiryNormalAPITest.spec.ts","",""
"","4","Verify estimation status in Request Internal is updated to Pending For Approval after submission","chromium","2026-10-09","skipped","2026-10-09","Verify E2E flow of Sales Enquiry (Request Sample)","UI/sales/salesEnquirySample.spec.ts","",""
"","291","Verify Create Packing API","chromium","2026-10-09","passed","2026-10-09","Verify E2E flow of Sales Enquiry (Request Normal) through API","API/salesEnquiryNormalAPITest.spec.ts","",""
"","44615","Verify sales enquiry is deleted successfully","chromium","2026-10-09","passed","2026-10-09","Delete Sales Enquiry","UI/sales/deleteSalesEnquiry.spec.ts","",""
"","5","Price Indication Slip: Verify Price Indication Slip is saved and Version 1 is submitted for approval successfully","chromium","2026-10-09","skipped","2026-10-09","Verify E2E flow of Sales Enquiry (Request Normal)","UI/sales/salesEnquiryNormal.spec.ts","",""
"","3027","Verify estimation request is displayed in the Estimation - Request (Sample) list","chromium","2026-10-09","passed","2026-10-09","Verify E2E flow of Sales Enquiry (Request Sample)","UI/sales/salesEnquirySample.spec.ts","",""
"","369","Verify Create Cost Distribution API","chromium","2026-10-09","passed","2026-10-09","Verify E2E flow of Sales Enquiry (Request Normal) through API","API/salesEnquiryNormalAPITest.spec.ts","",""
"","21595","Return to Sales Enquiry and Validate Sales Enquiry status","chromium","2026-10-09","failed","2026-10-09","Verify E2E flow of Sales Enquiry (Request Normal)","UI/sales/salesEnquiryNormal.spec.ts","",""
"","268","Verify Quotation Manager Approve API","chromium","2026-10-09","passed","2026-10-09","Verify E2E flow of Sales Enquiry (Request Normal) through API","API/salesEnquiryNormalAPITest.spec.ts","",""
"","6","Verify that packing labour is added and the packing summary is saved successfully","chromium","2026-10-09","skipped","2026-10-09","Verify E2E flow of Sales Enquiry (Request Normal)","UI/sales/salesEnquiryNormal.spec.ts","",""
"","3","Verify Sales Order Manager approves the sales order checklist","chromium","2026-10-09","skipped","2026-10-09","Verify E2E flow of Sales Enquiry (Request Sample)","UI/sales/salesEnquirySample.spec.ts","",""
"","3800","Create PPJO and Request Sample","chromium","2026-10-09","passed","2026-10-09","Verify E2E flow of Sales Enquiry (Request Sample)","UI/sales/salesEnquirySample.spec.ts","",""
"","3475","Validate new sample request creation and verify new request status is reflected successfully","chromium","2026-10-09","passed","2026-10-09","Verify E2E flow of Sales Enquiry (Request Sample)","UI/sales/salesEnquirySample.spec.ts","",""
"","2754","Verify Create Sales Enquiry API","chromium","2026-10-09","passed","2026-10-09","Verify Sales Enquiry API","API/salesEnquiryAPITest.spec.ts","",""
"","347","Verify Create Estimation BOL (Package) API","chromium","2026-10-09","passed","2026-10-09","Verify E2E flow of Sales Enquiry (Request Normal) through API","API/salesEnquiryNormalAPITest.spec.ts","",""
"","4","Verify that the cost estimation is approved and submitted to Sales successfully with Approved status reflected in history","chromium","2026-10-09","skipped","2026-10-09","Verify E2E flow of Sales Enquiry (Request Internal)","UI/sales/salesEnquiryInternal.spec.ts","",""
"","198753","Verify customer rejects quotation and the status is reflected in quotation","chromium","2026-10-09","failed","2026-10-09","Verify Change Request flow of Sales Enquiry (Request Normal)","UI/sales/changeRequest.spec.ts","",""
"","99278","Verify Pipeline E2E Flow","chromium","2026-10-09","passed","2026-10-09","Verify Pipeline E2E Test","UI/sales/pipelineTest.spec.ts","",""
"","304","Verify Invoice Manager Approval API","chromium","2026-10-09","passed","2026-10-09","Verify E2E flow of Sales Enquiry (Request Normal) through API","API/salesEnquiryNormalAPITest.spec.ts","",""
"","8","Verify that the estimation request is displayed in the Estimation - Request (Normal) list","chromium","2026-10-09","skipped","2026-10-09","Verify E2E flow of Sales Enquiry (Request Normal)","UI/sales/salesEnquiryNormal.spec.ts","",""
"","349","Verify Update Sales Order Status API","chromium","2026-10-09","passed","2026-10-09","Verify E2E flow of Sales Enquiry (Request Normal) through API","API/salesEnquiryNormalAPITest.spec.ts","",""
"","279","Verify View Sales Enquiry API","chromium","2026-10-09","passed","2026-10-09","Verify Sales Enquiry API","API/salesEnquiryAPITest.spec.ts","",""
"","940","Verify Create Sales Order API","chromium","2026-10-09","passed","2026-10-09","Verify E2E flow of Sales Enquiry (Request Normal) through API","API/salesEnquiryNormalAPITest.spec.ts","",""
"","253","Verify Create ATM Products API","chromium","2026-10-09","passed","2026-10-09","Verify Sales Enquiry API","API/salesEnquiryAPITest.spec.ts","",""
"","6","Verify consumables, BOM, and BOL entries are added successfully","chromium","2026-10-09","skipped","2026-10-09","Verify E2E flow of Sales Enquiry (Request Internal)","UI/sales/salesEnquiryInternal.spec.ts","",""
"","259","Verify Create Signage Illuminated API","chromium","2026-10-09","passed","2026-10-09","Verify Sales Enquiry API","API/salesEnquiryAPITest.spec.ts","",""
"","3","Verify that the sales order is submitted for approval and the status is updated to Pending Sales Order Approval","chromium","2026-10-09","skipped","2026-10-09","Verify E2E flow of Sales Enquiry (Request Internal)","UI/sales/salesEnquiryInternal.spec.ts","",""
"","27812","Create PPJO and submit Artwork, AutoCAD, Site Visit, Procurement, and Estimation requests","chromium","2026-10-09","passed","2026-10-09","Verify E2E flow of Sales Enquiry (Request Normal)","UI/sales/salesEnquiryNormal.spec.ts","",""
"","7","Verify that packing cost is generated and packing BOM is added successfully","chromium","2026-10-09","skipped","2026-10-09","Verify E2E flow of Sales Enquiry (Request Normal)","UI/sales/salesEnquiryNormal.spec.ts","",""
"","8163","Verify that BOQ is created and BOQ details are generated successfully","chromium","2026-10-09","passed","2026-10-09","Verify E2E flow of Sales Enquiry (Request Sample)","UI/sales/salesEnquirySample.spec.ts","",""
"","196378","Verify Sales Order Manager rejects the checklist","chromium","2026-10-09","failed","2026-10-09","Verify Sales Order Manager Rejects the Checklist","UI/sales/rejectSalesOrderChecklist.spec.ts","",""
"","205669","Verify customer rejects quotation and the status is reflected in quotation","chromium","2026-10-09","failed","2026-10-09","Verify E2E Quotation Rejection flow of Sales Enquiry (Request Normal)","UI/sales/rejectQuotation.spec.ts","",""
"","24453","Create enquiry and save Acrylic product details","chromium","2026-10-09","passed","2026-10-09","Verify E2E flow of Sales Enquiry (Request Normal)","UI/sales/salesEnquiryNormal.spec.ts","",""
"","2","Verify Sales Enquiry status is updated to Sales Order Approved by Manager","chromium","2026-10-09","skipped","2026-10-09","Verify E2E flow of Sales Enquiry (Request Internal)","UI/sales/salesEnquiryInternal.spec.ts","",""
"","7","Verify generate cost estimation and validate request attachments","chromium","2026-10-09","skipped","2026-10-09","Verify E2E flow of Sales Enquiry (Request Normal)","UI/sales/salesEnquiryNormal.spec.ts","",""
"","84313","Verify new Manufacturing enquiry is created successfully","chromium","2026-10-09","passed","2026-10-09","Create Manufacturing E2E Flow","UI/sales/manufacturingTest.spec.ts","",""
"","276","Verify Get PPJO By Reference Id API","chromium","2026-10-09","passed","2026-10-09","Verify E2E flow of Sales Enquiry (Request Normal) through API","API/salesEnquiryNormalAPITest.spec.ts","",""
"","265","Verify Submit Quotation For Approval API","chromium","2026-10-09","passed","2026-10-09","Verify E2E flow of Sales Enquiry (Request Normal) through API","API/salesEnquiryNormalAPITest.spec.ts","",""
"","2","Verify Sales Enquiry status is updated to Sales Order Approved by Manager","chromium","2026-10-09","skipped","2026-10-09","Verify E2E flow of Sales Enquiry (Request Sample)","UI/sales/salesEnquirySample.spec.ts","",""
"","5","Verify that the cost estimation is approved and submitted to Sales successfully with Approved status reflected in history","chromium","2026-10-09","skipped","2026-10-09","Verify E2E flow of Sales Enquiry (Request Normal)","UI/sales/salesEnquiryNormal.spec.ts","",""
"","7","Verify that packing cost is generated and packing BOM is added successfully","chromium","2026-10-09","skipped","2026-10-09","Verify E2E flow of Sales Enquiry (Request Internal)","UI/sales/salesEnquiryInternal.spec.ts","",""
"","93410","Verify user is able to create PPJO and request estimation","chromium","2026-10-09","failed","2026-10-09","Create PPJO","UI/sales/createPPJO.spec.ts","",""
"","259","Verify Create Vinyl Graphic API","chromium","2026-10-09","passed","2026-10-09","Verify Sales Enquiry API","API/salesEnquiryAPITest.spec.ts","",""
"","7","Verify that packing cost is generated and packing BOM is added successfully","chromium","2026-10-09","skipped","2026-10-09","Verify E2E flow of Sales Enquiry (Request Sample)","UI/sales/salesEnquirySample.spec.ts","",""
"","4","Quotation Manager: Verify Quotation Manager approves the quotation and the Approved status is reflected","chromium","2026-10-09","skipped","2026-10-09","Verify E2E flow of Sales Enquiry (Request Sample)","UI/sales/salesEnquirySample.spec.ts","",""
"","73076","Verify sales enquiry is updated successfully","chromium","2026-10-09","failed","2026-10-09","Edit Sales Enquiry","UI/sales/editSalesEnquiry.spec.ts","",""
"","7","Verify that BOQ is created and BOQ details are generated successfully","chromium","2026-10-09","skipped","2026-10-09","Verify E2E flow of Sales Enquiry (Request Internal)","UI/sales/salesEnquiryInternal.spec.ts","",""
"","280","Verify Send Advance Invoice API","chromium","2026-10-09","passed","2026-10-09","Verify E2E flow of Sales Enquiry (Request Normal) through API","API/salesEnquiryNormalAPITest.spec.ts","",""
"","6","Cost Distribution: Verify sample cost and cost distribution are saved successfully","chromium","2026-10-09","skipped","2026-10-09","Verify E2E flow of Sales Enquiry (Request Internal)","UI/sales/salesEnquiryInternal.spec.ts","",""
"","5","Summary: Verify that the incentive summary is calculated and saved successfully","chromium","2026-10-09","skipped","2026-10-09","Verify E2E flow of Sales Enquiry (Request Internal)","UI/sales/salesEnquiryInternal.spec.ts","",""
"","5","Quotation Manager: Verify Quotation Manager approves the quotation and the Approved status is reflected","chromium","2026-10-09","skipped","2026-10-09","Verify E2E flow of Sales Enquiry (Request Internal)","UI/sales/salesEnquiryInternal.spec.ts","",""
"","3","Verify that the sales order is submitted for approval and the status is updated to Pending Sales Order Approval","chromium","2026-10-09","skipped","2026-10-09","Verify E2E flow of Sales Enquiry (Request Sample)","UI/sales/salesEnquirySample.spec.ts","",""
"","13118","Verify user can login successfully with valid credentials","chromium","2026-10-09","passed","2026-10-09","Login Test","UI/sales/loginTest.spec.ts","",""
"","203324","Verify Sales Order Manager rejects the sales order and the rejection is confirmed successfully","chromium","2026-10-09","failed","2026-10-09","Verify Sales Order Manager rejects the sales order","UI/sales/salesOrderManagerRejectsChecklist.spec.ts","",""
"","364","Verify Update Consumable Percentage (Package) API","chromium","2026-10-09","passed","2026-10-09","Verify E2E flow of Sales Enquiry (Request Normal) through API","API/salesEnquiryNormalAPITest.spec.ts","",""
"","63352","Verify new sales enquiry is created successfully","chromium","2026-10-09","failed","2026-10-09","Credit Control Test E2E Flow","UI/sales/creditControlTest.spec.ts","",""
"","381","Verify Create Summary (Package) API","chromium","2026-10-09","passed","2026-10-09","Verify E2E flow of Sales Enquiry (Request Normal) through API","API/salesEnquiryNormalAPITest.spec.ts","",""
"","279","Verify Delete Sales Enquiry API","chromium","2026-10-09","passed","2026-10-09","Verify Sales Enquiry API","API/salesEnquiryAPITest.spec.ts","",""
"","255","Verify Create Trading Products API","chromium","2026-10-09","passed","2026-10-09","Verify Sales Enquiry API","API/salesEnquiryAPITest.spec.ts","",""
"","15182","Login and open Sales Enquiry module","chromium","2026-10-09","passed","2026-10-09","Verify E2E flow of Sales Enquiry (Request Sample)","UI/sales/salesEnquirySample.spec.ts","",""
"","6","Cost Distribution: Verify sample cost and cost distribution are saved successfully","chromium","2026-10-09","skipped","2026-10-09","Verify E2E flow of Sales Enquiry (Request Normal)","UI/sales/salesEnquiryNormal.spec.ts","",""
"","341","Verify Update Consumable Percentage (Sign) API","chromium","2026-10-09","passed","2026-10-09","Verify E2E flow of Sales Enquiry (Request Normal) through API","API/salesEnquiryNormalAPITest.spec.ts","",""
"","198056","Verify customer rejects quotation and the status is reflected in quotation","chromium","2026-10-09","failed","2026-10-09","Verify Quotation Under Consideration flow of Sales Enquiry (Request Normal)","UI/sales/salesEnquiryUnderConsideration.spec.ts","",""
"","249","Verify Create Acrylic Products API","chromium","2026-10-09","passed","2026-10-09","Verify Sales Enquiry API","API/salesEnquiryAPITest.spec.ts","",""
"","5","Verify that the Sales Enquiry status moves to Quotation Pending and the quotation is generated and submitted for approval","chromium","2026-10-09","skipped","2026-10-09","Verify E2E flow of Sales Enquiry (Request Normal)","UI/sales/salesEnquiryNormal.spec.ts","",""
"","26101","Verify consumables, BOM, and BOL entries are added successfully","chromium","2026-10-09","failed","2026-10-09","Verify E2E flow of Sales Enquiry (Request Sample)","UI/sales/salesEnquirySample.spec.ts","",""
"","4","Verify Sales Order Manager approves the checklist","chromium","2026-10-09","skipped","2026-10-09","Verify E2E flow of Sales Enquiry (Request Internal)","UI/sales/salesEnquiryInternal.spec.ts","",""
"","4","Verify that the cost estimation is approved and submitted to Sales successfully with Approved status reflected in history","chromium","2026-10-09","skipped","2026-10-09","Verify E2E flow of Sales Enquiry (Request Sample)","UI/sales/salesEnquirySample.spec.ts","",""
"","4","Verify estimation status in Request Internal is updated to Pending For Approval after submission","chromium","2026-10-09","skipped","2026-10-09","Verify E2E flow of Sales Enquiry (Request Internal)","UI/sales/salesEnquiryInternal.spec.ts","",""
"","8","Verify that BOQ is created and BOQ details are generated successfully","chromium","2026-10-09","skipped","2026-10-09","Verify E2E flow of Sales Enquiry (Request Normal)","UI/sales/salesEnquiryNormal.spec.ts","",""
"","21436","Return to Sales Enquiry and Validate Sales Enquiry status","chromium","2026-10-09","failed","2026-10-09","Verify E2E flow of Sales Enquiry (Request Internal)","UI/sales/salesEnquiryInternal.spec.ts","",""
"","7","Verify BOQ summary is saved successfully with variation","chromium","2026-10-09","skipped","2026-10-09","Verify E2E flow of Sales Enquiry (Request Internal)","UI/sales/salesEnquiryInternal.spec.ts","",""
"","277","Verify Update Sales Checklist Status API","chromium","2026-10-09","passed","2026-10-09","Verify E2E flow of Sales Enquiry (Request Normal) through API","API/salesEnquiryNormalAPITest.spec.ts","",""
"","275","Verify Request Site Visit PPJO API","chromium","2026-10-09","passed","2026-10-09","Verify E2E flow of Sales Enquiry (Request Normal) through API","API/salesEnquiryNormalAPITest.spec.ts","",""
"","273","Verify Send To Customer API","chromium","2026-10-09","passed","2026-10-09","Verify E2E flow of Sales Enquiry (Request Normal) through API","API/salesEnquiryNormalAPITest.spec.ts","",""
"","67551","Verify new trading order is created and approved successfully","chromium","2026-10-09","passed","2026-10-09","Verify Trading E2E Test","UI/sales/tradingTest.spec.ts","",""
"","537","Verify Edit Sales Enquiry API","chromium","2026-10-09","passed","2026-10-09","Verify Sales Enquiry API","API/salesEnquiryAPITest.spec.ts","",""
"","7","Verify BOQ summary is saved successfully with variation","chromium","2026-10-09","skipped","2026-10-09","Verify E2E flow of Sales Enquiry (Request Sample)","UI/sales/salesEnquirySample.spec.ts","",""
"","5","Quotation: Verify send quotation to customer and advance invoice request is submitted successfully","chromium","2026-10-09","skipped","2026-10-09","Verify E2E flow of Sales Enquiry (Request Normal)","UI/sales/salesEnquiryNormal.spec.ts","",""
"","5","Price Indication Slip: Verify Price Indication Slip is saved and Version 1 is submitted for approval successfully","chromium","2026-10-09","skipped","2026-10-09","Verify E2E flow of Sales Enquiry (Request Sample)","UI/sales/salesEnquirySample.spec.ts","",""
"","24964","Create enquiry and save Acrylic product details","chromium","2026-10-09","passed","2026-10-09","Verify E2E flow of Sales Enquiry (Request Internal)","UI/sales/salesEnquiryInternal.spec.ts","",""
"","4","Invoice Request: Verify advance invoice is created from Invoice Request and the status is updated to Completed","chromium","2026-10-09","skipped","2026-10-09","Verify E2E flow of Sales Enquiry (Request Normal)","UI/sales/salesEnquiryNormal.spec.ts","",""
"","7","Verify consumables, BOM, and BOL entries are added successfully","chromium","2026-10-09","skipped","2026-10-09","Verify E2E flow of Sales Enquiry (Request Normal)","UI/sales/salesEnquiryNormal.spec.ts","",""
"","7","Verify BOQ summary is saved successfully with variation","chromium","2026-10-09","skipped","2026-10-09","Verify E2E flow of Sales Enquiry (Request Normal)","UI/sales/salesEnquiryNormal.spec.ts","",""
"","245","Verify Create Acrylic Products API","chromium","2026-10-09","passed","2026-10-09","Verify E2E flow of Sales Enquiry (Request Normal) through API","API/salesEnquiryNormalAPITest.spec.ts","",""
"","301","Verify Update Other Costing Status API","chromium","2026-10-09","passed","2026-10-09","Verify E2E flow of Sales Enquiry (Request Normal) through API","API/salesEnquiryNormalAPITest.spec.ts","",""
"","5","Summary: Verify that the incentive summary is calculated and saved successfully","chromium","2026-10-09","skipped","2026-10-09","Verify E2E flow of Sales Enquiry (Request Sample)","UI/sales/salesEnquirySample.spec.ts","",""
"","3","Verify Sales Order Manager approves the sales order and the approval is confirmed successfully","chromium","2026-10-09","skipped","2026-10-09","Verify E2E flow of Sales Enquiry (Request Internal)","UI/sales/salesEnquiryInternal.spec.ts","",""
"","380","Verify Create Estimation BOM (Sign) API","chromium","2026-10-09","passed","2026-10-09","Verify E2E flow of Sales Enquiry (Request Normal) through API","API/salesEnquiryNormalAPITest.spec.ts","",""
"","262","Verify Sales Order Pending Approval API","chromium","2026-10-09","passed","2026-10-09","Verify E2E flow of Sales Enquiry (Request Normal) through API","API/salesEnquiryNormalAPITest.spec.ts","",""
"","4","Invoice Register: Verify Invoice Register is approved by the Manager and acknowledged with the acknowledgement status updated to Yes","chromium","2026-10-09","skipped","2026-10-09","Verify E2E flow of Sales Enquiry (Request Normal)","UI/sales/salesEnquiryNormal.spec.ts","",""
"","488","Verify Request Artwork PPJO API","chromium","2026-10-09","passed","2026-10-09","Verify E2E flow of Sales Enquiry (Request Normal) through API","API/salesEnquiryNormalAPITest.spec.ts","",""
"","42979","Verify created sales enquiry details are displayed correctly","chromium","2026-10-09","passed","2026-10-09","View Sales Enquiry","UI/sales/viewSalesEnquiry.spec.ts","",""
"","5","Quotation Manager: Verify Quotation Manager approves the quotation and the Approved status is reflected","chromium","2026-10-09","skipped","2026-10-09","Verify E2E flow of Sales Enquiry (Request Normal)","UI/sales/salesEnquiryNormal.spec.ts","",""
"","6","Verify that packing labour is added and the packing summary is saved successfully","chromium","2026-10-09","skipped","2026-10-09","Verify E2E flow of Sales Enquiry (Request Sample)","UI/sales/salesEnquirySample.spec.ts","",""
"","5","Verify estimation status in Request Normal is updated to Pending For Approval after submission","chromium","2026-10-09","skipped","2026-10-09","Verify E2E flow of Sales Enquiry (Request Normal)","UI/sales/salesEnquiryNormal.spec.ts","",""
"","300","Verify Get All BOQ API","chromium","2026-10-09","passed","2026-10-09","Verify E2E flow of Sales Enquiry (Request Normal) through API","API/salesEnquiryNormalAPITest.spec.ts","",""
"","4","Verify sales order checklist is generated from customer approved quotation and sales order is created successfully","chromium","2026-10-09","skipped","2026-10-09","Verify E2E flow of Sales Enquiry (Request Normal)","UI/sales/salesEnquiryNormal.spec.ts","",""
"","347","Verify Request Procurement PPJO API","chromium","2026-10-09","passed","2026-10-09","Verify E2E flow of Sales Enquiry (Request Normal) through API","API/salesEnquiryNormalAPITest.spec.ts","",""
